{
	"msgSize": 32400,
	"blocks": 8,
	"experiments": 2,
	"Ldpc": {
		"encoding": {
			"fec1": {
				"avg": 0.0034206395,
				"intvl": 0.00046329402
			},
			"fec4": {
				"avg": 0.0015802625,
				"intvl": 3.816414e-05
			},
			"cml": {
				"avg": 0.010808592,
				"intvl": 0.00223224988
			},
			"matlab": {
				"avg": 0.0042366015,
				"intvl": 0.00074728234
			}
		},
		"decoding": {
			"Exact": {
				"fec1": {
					"avg": 1.181806442,
					"intvl": 0.01337583184
				},
				"fec4": {
					"avg": 0.3708164485,
					"intvl": 0.01181094726
				},
				"cml": {
					"avg": 4.798004121,
					"intvl": 0.07116581934
				},
				"matlab": {
					"avg": 1.326782107,
					"intvl": 0.00953989428
				}
			},
			"Table": {
				"fec1": {
					"avg": 1.349491592,
					"intvl": 0.0018862991
				},
				"fec4": {
					"avg": 0.3926291175,
					"intvl": 0.01674978662
				}
			},
			"Approximate": {
				"fec1": {
					"avg": 0.4809257355,
					"intvl": 0.00105174678
				},
				"fec4": {
					"avg": 0.218179117,
					"intvl": 0.00393464316
				},
				"cml": {
					"avg": 3.193581552,
					"intvl": 0.00307148072
				}
			}
		}
	},
	"Convolutional": {
		"encoding": {
			"fec1": {
				"avg": 0.0016271315,
				"intvl": 1.162378e-05
			},
			"fec4": {
				"avg": 0.0010429565,
				"intvl": 2.4941e-06
			},
			"cml": {
				"avg": 0.0088783725,
				"intvl": 0.00092208494
			},
			"matlab": {
				"avg": 0.001697854,
				"intvl": 3.54858e-05
			}
		},
		"decoding": {
			"fec1": {
				"avg": 0.0259993395,
				"intvl": 0.00286354138
			},
			"fec4": {
				"avg": 0.011067956,
				"intvl": 0.00261071412
			},
			"cml": {
				"avg": 0.087788076,
				"intvl": 0.0014021154
			},
			"matlab": {
				"avg": 0.030337479,
				"intvl": 0.00236713316
			}
		}
	}
}
