{
	"msgSize": 32400,
	"blocks": 8,
	"Convolutional": {
		"encoding": {
			"fecl1": {
				"avg": 0.00363736775,
				"intvl": 0.0008581697911
			},
			"fecl4": {
				"avg": 0.00219810975,
				"intvl": 9.412659897e-05
			},
			"cml": {
				"avg": 0.008603624,
				"intvl": 0.0002294279714
			},
			"matlab": {
				"avg": 0.003790922,
				"intvl": 0.0001980349922
			}
		},
		"decoding": {
			"fecl1": {
				"avg": 0.02910328675,
				"intvl": 0.001838682249,
				"ber": [0.07894675926,0.05341435185,0.03275848765,0.01881944444],
				"wer": [1,1,1,1],
				"snr": [-2.8,-2.3,-1.8,-1.3]
			},
			"fecl4": {
				"avg": 0.012367944,
				"intvl": 0.001289817668,
				"ber": [0.07894675926,0.05341435185,0.03275848765,0.01881944444],
				"wer": [1,1,1,1],
				"snr": [-2.8,-2.3,-1.8,-1.3]
			},
			"cml": {
				"avg": 0.092945131,
				"intvl": 0.001679214703,
				"ber": [0.07894675926,0.05341435185,0.03275848765,0.01881944444],
				"wer": [1,1,1,1],
				"snr": [-2.8,-2.3,-1.8,-1.3]
			},
			"matlab": {
				"avg": 0.03187245825,
				"intvl": 0.001107269922,
				"ber": [0.07894675926,0.05341435185,0.03275848765,0.01881944444],
				"wer": [1,1,1,1],
				"snr": [-2.8,-2.3,-1.8,-1.3]
			}
		}
	},
	"Turbo": {
		"encoding": {
			"fecl1": {
				"avg": 0.00860416025,
				"intvl": 0.0008680254779
			},
			"fecl4": {
				"avg": 0.0039323585,
				"intvl": 0.0001257814558
			},
			"cml": {
				"avg": 0.02001890975,
				"intvl": 0.0003357344733
			},
			"matlab": {
				"avg": 0.02829262575,
				"intvl": 0.0001434093138
			}
		},
		"decoding": {
			"Exact": {
				"fecl1": {
					"avg": 1.777739095,
					"intvl": 0.02174119936,
					"ber": [0.1088927469,0.04650848765,0.0001929012346,0],
					"wer": [1,1,0.875,0],
					"snr": [-2.8,-2.3,-1.8,-1.3]
				},
				"fecl4": {
					"avg": 0.510963616,
					"intvl": 0.006668555566,
					"ber": [0.1088927469,0.04650848765,0.0001929012346,0],
					"wer": [1,1,0.875,0],
					"snr": [-2.8,-2.3,-1.8,-1.3]
				},
				"cml": {
					"avg": 4.333766844,
					"intvl": 0.5618925282,
					"ber": [0.1088927469,0.04650848765,0.0001929012346,0],
					"wer": [1,1,0.875,0],
					"snr": [-2.8,-2.3,-1.8,-1.3]
				},
				"matlab": {
					"avg": 2.001752079,
					"intvl": 0.002635533932,
					"ber": [0.1088927469,0.04650848765,0.0001929012346,0],
					"wer": [1,1,0.875,0],
					"snr": [-2.8,-2.3,-1.8,-1.3]
				}
			},
			"Table": {
				"fecl1": {
					"avg": 0.8585809912,
					"intvl": 0.08580557556,
					"ber": [0.1090856481,0.04681712963,0.0001890432099,0],
					"wer": [1,1,0.875,0],
					"snr": [-2.8,-2.3,-1.8,-1.3]
				},
				"fecl4": {
					"avg": 0.2642761627,
					"intvl": 0.02260713018,
					"ber": [0.1090856481,0.04681712963,0.0001890432099,0],
					"wer": [1,1,0.875,0],
					"snr": [-2.8,-2.3,-1.8,-1.3]
				},
				"cml": {
					"avg": 1.965896411,
					"intvl": 0.4110126144,
					"ber": [0.1089351852,0.04645447531,0.0001929012346,0],
					"wer": [1,1,0.875,0],
					"snr": [-2.8,-2.3,-1.8,-1.3]
				},
				"matlab": {
					"avg": 1.302090936,
					"intvl": 0.0278506021,
					"ber": [0.1098996914,0.04794753086,0.0002237654321,0],
					"wer": [1,1,1,0],
					"snr": [-2.8,-2.3,-1.8,-1.3]
				}
			},
			"Approximate": {
				"fecl1": {
					"avg": 0.4149442265,
					"intvl": 0.009167670701,
					"ber": [0.1718055556,0.1287808642,0.018125,0],
					"wer": [1,1,1,0],
					"snr": [-2.8,-2.3,-1.8,-1.3]
				},
				"fecl4": {
					"avg": 0.1721009028,
					"intvl": 0.005658167106,
					"ber": [0.1718055556,0.1287808642,0.018125,0],
					"wer": [1,1,1,0],
					"snr": [-2.8,-2.3,-1.8,-1.3]
				},
				"cml": {
					"avg": 0.667794319,
					"intvl": 0.07396640452,
					"ber": [0.1718171296,0.1287808642,0.018125,0],
					"wer": [1,1,1,0],
					"snr": [-2.8,-2.3,-1.8,-1.3]
				},
				"matlab": {
					"avg": 0.9192692705,
					"intvl": 0.02912881166,
					"ber": [0.1718055556,0.1287808642,0.018125,0],
					"wer": [1,1,1,0],
					"snr": [-2.8,-2.3,-1.8,-1.3]
				}
			},
			"ApproximateScaling": {
				"fecl1": {
					"avg": 0.4105569962,
					"intvl": 0.0050264888,
					"ber": [0.1300810185,0.06669753086,0.001728395062,0],
					"wer": [1,1,1,0],
					"snr": [-2.8,-2.3,-1.8,-1.3]
				},
				"fecl4": {
					"avg": 0.1688083653,
					"intvl": 0.002053594533,
					"ber": [0.1300810185,0.06669753086,0.001728395062,0],
					"wer": [1,1,1,0]
				}
			}
		}
	},
	"Ldpc": {
		"encoding": {
			"fecl1": {
				"avg": 0.00853196975,
				"intvl": 0.0006916354584
			},
			"fecl4": {
				"avg": 0.012921898,
				"intvl": 0.0004909945127
			},
			"cml": {
				"avg": 0.00758392275,
				"intvl": 0.0001294030576
			},
			"matlab": {
				"avg": 0.00653580325,
				"intvl": 0.0007417125838
			}
		},
		"decoding": {
			"Exact": {
				"fecl1": {
					"avg": 1.354390335,
					"intvl": 0.1347449365,
					"ber": [0.1169405864,0.06196373457,0.0001273148148,0],
					"wer": [1,1,0.875,0],
					"snr": [-2.8,-2.3,-1.8,-1.3]
				},
				"fecl4": {
					"avg": 0.3925782625,
					"intvl": 0.03009127363,
					"ber": [0.1169405864,0.06196373457,0.0001273148148,0],
					"wer": [1,1,0.875,0],
					"snr": [-2.8,-2.3,-1.8,-1.3]
				},
				"cml": {
					"avg": 4.36341464,
					"intvl": 0.8059914802,
					"ber": [0.1169907407,0.06199845679,0.0001273148148,0],
					"wer": [1,1,0.875,0],
					"snr": [-2.8,-2.3,-1.8,-1.3]
				},
				"matlab": {
					"avg": 1.582648463,
					"intvl": 0.1909571382,
					"ber": [0.1169405864,0.06196373457,0.0001273148148,0],
					"wer": [1,1,0.875,0],
					"snr": [-2.8,-2.3,-1.8,-1.3]
				}
			},
			"Table": {
				"fecl1": {
					"avg": 1.292951301,
					"intvl": 0.3166636257,
					"ber": [0.1170524691,0.06206018519,0.0001388888889,0],
					"wer": [1,1,0.875,0],
					"snr": [-2.8,-2.3,-1.8,-1.3]
				},
				"fecl4": {
					"avg": 0.3855589765,
					"intvl": 0.07676283512,
					"ber": [0.1170524691,0.06206018519,0.0001388888889,0],
					"wer": [1,1,0.875,0],
					"snr": [-2.8,-2.3,-1.8,-1.3]
				}
			},
			"Approximate": {
				"fecl1": {
					"avg": 0.539874728,
					"intvl": 0.003707829721,
					"ber": [0.1840432099,0.1620563272,0.1258217593,1.543209877e-05],
					"wer": [1,1,1,0.375],
					"snr": [-2.8,-2.3,-1.8,-1.3]
				},
				"fecl4": {
					"avg": 0.2301600853,
					"intvl": 0.006655394386,
					"ber": [0.1840432099,0.1620563272,0.1258217593,1.543209877e-05],
					"wer": [1,1,1,0.375],
					"snr": [-2.8,-2.3,-1.8,-1.3]
				},
				"cml": {
					"avg": 3.543068144,
					"intvl": 0.07631720063,
					"ber": [0.1850848765,0.161878858,0.1283449074,1.929012346e-05],
					"wer": [1,1,1,0.125],
					"snr": [-2.8,-2.3,-1.8,-1.3]
				}
			},
			"ApproximateScaling": {
				"fecl1": {
					"avg": 0.5265312795,
					"intvl": 0.03046321593,
					"ber": [0.1647183642,0.1356018519,0.02016589506,0],
					"wer": [1,1,1,0],
					"snr": [-2.8,-2.3,-1.8,-1.3]
				},
				"fecl4": {
					"avg": 0.233817969,
					"intvl": 0.01696520314,
					"ber": [0.1647183642,0.1356018519,0.02016589506,0],
					"wer": [1,1,1,0],
					"snr": [-2.8,-2.3,-1.8,-1.3]
				}
			}
		}
	}
}
