{
	"msgSize": 32400,
	"blocks": 1,
	"experiments": 1,
	"Convolutional": {
		"encoding": {
			"fecl1": {
				"avg": 0.000433424,
				"intvl": 0
			},
			"fecl4": {
				"avg": 0.000381722,
				"intvl": 0
			},
			"cml": {
				"avg": 0.001586337,
				"intvl": 0
			},
			"matlab": {
				"avg": 0.000267172,
				"intvl": 0
			}
		},
		"decoding": {
			"fecl1": {
				"avg": 0.003270088,
				"intvl": 0,
				"per": 6587
			},
			"fecl4": {
				"avg": 0.003723753,
				"intvl": 0,
				"per": 6587
			},
			"cml": {
				"avg": 0.011611593,
				"intvl": 0,
				"per": 8861
			},
			"matlab": {
				"avg": 0.00377506,
				"intvl": 0,
				"per": 6587
			}
		}
	},
	"Turbo": {
		"encoding": {
			"fecl1": {
				"avg": 0.000899189,
				"intvl": 0
			},
			"fecl4": {
				"avg": 0.000566074,
				"intvl": 0
			},
			"cml": {
				"avg": 0.003460066,
				"intvl": 0
			},
			"matlab": {
				"avg": 0.002745753,
				"intvl": 0
			}
		},
		"decoding": {
			"Exact": {
				"fecl1": {
					"avg": 0.230529688,
					"intvl": 0,
					"per": 3532
				},
				"fecl4": {
					"avg": 0.233144444,
					"intvl": 0,
					"per": 3532
				},
				"cml": {
					"avg": 0.887950951,
					"intvl": 0,
					"per": 7973
				},
				"matlab": {
					"avg": 0.249259433,
					"intvl": 0,
					"per": 3532
				}
			},
			"Table": {
				"fecl1": {
					"avg": 0.116957919,
					"intvl": 0,
					"per": 3568
				},
				"fecl4": {
					"avg": 0.119415625,
					"intvl": 0,
					"per": 3568
				},
				"cml": {
					"avg": 0.445391043,
					"intvl": 0,
					"per": 7958
				},
				"matlab": {
					"avg": 0.200206916,
					"intvl": 0,
					"per": 3586
				}
			},
			"Approximate": {
				"fecl1": {
					"avg": 0.051398645,
					"intvl": 0,
					"per": 6991
				},
				"fecl4": {
					"avg": 0.051060052,
					"intvl": 0,
					"per": 6991
				},
				"cml": {
					"avg": 0.131461939,
					"intvl": 0,
					"per": 10106
				},
				"matlab": {
					"avg": 0.125527578,
					"intvl": 0,
					"per": 6991
				}
			}
		}
	},
	"Ldpc": {
		"encoding": {
			"fecl1": {
				"avg": 0.000688119,
				"intvl": 0
			},
			"fecl4": {
				"avg": 0.001011104,
				"intvl": 0
			},
			"cml": {
				"avg": 0.001907853,
				"intvl": 0
			},
			"matlab": {
				"avg": 0.000513243,
				"intvl": 0
			}
		},
		"decoding": {
			"Exact": {
				"fecl1": {
					"avg": 0.151009004,
					"intvl": 0,
					"per": 6824
				},
				"fecl4": {
					"avg": 0.148945243,
					"intvl": 0,
					"per": 6824
				},
				"cml": {
					"avg": 0.62597914,
					"intvl": 0,
					"per": 6822
				},
				"matlab": {
					"avg": 0.164592749,
					"intvl": 0,
					"per": 6824
				}
			},
			"Table": {
				"fecl1": {
					"avg": 0.221176587,
					"intvl": 0,
					"per": 6858
				},
				"fecl4": {
					"avg": 0.218052671,
					"intvl": 0,
					"per": 6858
				}
			},
			"Approximate": {
				"fecl1": {
					"avg": 0.067685333,
					"intvl": 0,
					"per": 8348
				},
				"fecl4": {
					"avg": 0.06447886,
					"intvl": 0,
					"per": 8348
				},
				"cml": {
					"avg": 0.387865102,
					"intvl": 0,
					"per": 8319
				}
			}
		},
		"simul": {
			"Exact": {
				"snrdb": [-3,-2.9,-2.8,-2.7,-2.6,-2.5,-2.4,-2.3,-2.2,-2.1,-2,-1.9,-1.8,-1.7,-1.6,-1.5,-1.4,-1.3,-1.2,-1.1,-1],
				"ber": [0.1334259259,0.1190432099,0.1184567901,0.1114506173,0.1086728395,0.08842592593,0.08179012346,0.0675308642,0.02796296296,0.01077160494,0.004722222222,0.0001234567901,0,0,0,0,0,0,0,0,0],
				"wer": [1,1,1,1,1,1,1,1,1,1,1,1,0,0,0,0,0,0,0,0,0]
			},
			"Table": {
				"snrdb": [-3,-2.9,-2.8,-2.7,-2.6,-2.5,-2.4,-2.3,-2.2,-2.1,-2,-1.9,-1.8,-1.7,-1.6,-1.5,-1.4,-1.3,-1.2,-1.1,-1],
				"ber": [0.1274074074,0.1279938272,0.1212345679,0.1072839506,0.09734567901,0.09694444444,0.06268518519,0.06885802469,0.03308641975,0.02861111111,0.002345679012,0.0009567901235,0.0004320987654,0,0,0,0,0,0,0,0],
				"wer": [1,1,1,1,1,1,1,1,1,1,1,1,1,0,0,0,0,0,0,0,0]
			},
			"Approximate": {
				"snrdb": [-3,-2.9,-2.8,-2.7,-2.6,-2.5,-2.4,-2.3,-2.2,-2.1,-2,-1.9,-1.8,-1.7,-1.6,-1.5,-1.4,-1.3,-1.2,-1.1,-1],
				"ber": [0.1906481481,0.1916358025,0.1862962963,0.1829012346,0.1720987654,0.171882716,0.1653395062,0.1659567901,0.1572530864,0.1547222222,0.1504320988,0.1387654321,0.1250617284,0.120617284,0.1228395062,0.0212037037,3.086419753e-05,0,0,0,0],
				"wer": [1,1,1,1,1,1,1,1,1,1,1,1,1,1,1,1,1,0,0,0,0]
			}
		}
	}
}
