{
	"msgSize": 32400,
	"blocks": 128,
	"Convolutional": {
		"encoding": {
			"fecl1": {
				"avg": 0.07403434305,
				"intvl": 0.0118212373
			},
			"fecl4": {
				"avg": 0.02492583342,
				"intvl": 0.0002692964075
			},
			"cml": {
				"avg": 0.1357769361,
				"intvl": 0.0007497679458
			},
			"matlab": {
				"avg": 0.05873973742,
				"intvl": 0.0007263445781
			}
		},
		"decoding": {
			"fecl1": {
				"avg": 0.4458716468,
				"intvl": 0.05591648644,
				"ber": [0.07880232446,0.07319444444,0.06851803627,0.06259645062,0.05736111111,0.05289761767,0.04858121142,0.04447554977,0.04006221065,0.03649956597,0.03309534144,0.02964771412,0.02644868827,0.02395230517,0.02125843943,0.01895688657,0.01648341049,0.01467399691,0.0128669946],
				"wer": [1,1,1,1,1,1,1,1,1,1,1,1,1,1,1,1,1,1,1],
				"snr": [-2.8,-2.7,-2.6,-2.5,-2.4,-2.3,-2.2,-2.1,-2,-1.9,-1.8,-1.7,-1.6,-1.5,-1.4,-1.3,-1.2,-1.1,-1]
			},
			"fecl4": {
				"avg": 0.1463380437,
				"intvl": 0.01222337025,
				"ber": [0.07880232446,0.07319444444,0.06851803627,0.06259645062,0.05736111111,0.05289761767,0.04858121142,0.04447554977,0.04006221065,0.03649956597,0.03309534144,0.02964771412,0.02644868827,0.02395230517,0.02125843943,0.01895688657,0.01648341049,0.01467399691,0.0128669946],
				"wer": [1,1,1,1,1,1,1,1,1,1,1,1,1,1,1,1,1,1,1],
				"snr": [-2.8,-2.7,-2.6,-2.5,-2.4,-2.3,-2.2,-2.1,-2,-1.9,-1.8,-1.7,-1.6,-1.5,-1.4,-1.3,-1.2,-1.1,-1]
			},
			"cml": {
				"avg": 1.492306916,
				"intvl": 0.002237773221,
				"ber": [0.07880232446,0.07319444444,0.06851803627,0.06259645062,0.05736111111,0.05289761767,0.04858121142,0.04447554977,0.04006221065,0.03649956597,0.03309534144,0.02964771412,0.02644868827,0.02395230517,0.02125843943,0.01895688657,0.01648341049,0.01467399691,0.0128669946],
				"wer": [1,1,1,1,1,1,1,1,1,1,1,1,1,1,1,1,1,1,1],
				"snr": [-2.8,-2.7,-2.6,-2.5,-2.4,-2.3,-2.2,-2.1,-2,-1.9,-1.8,-1.7,-1.6,-1.5,-1.4,-1.3,-1.2,-1.1,-1]
			},
			"matlab": {
				"avg": 0.5984360647,
				"intvl": 0.06541885249,
				"ber": [0.07880232446,0.07319444444,0.06851803627,0.06259645062,0.05736111111,0.05289761767,0.04858121142,0.04447554977,0.04006221065,0.03649956597,0.03309534144,0.02964771412,0.02644868827,0.02395230517,0.02125843943,0.01895688657,0.01648341049,0.01467399691,0.0128669946],
				"wer": [1,1,1,1,1,1,1,1,1,1,1,1,1,1,1,1,1,1,1],
				"snr": [-2.8,-2.7,-2.6,-2.5,-2.4,-2.3,-2.2,-2.1,-2,-1.9,-1.8,-1.7,-1.6,-1.5,-1.4,-1.3,-1.2,-1.1,-1]
			}
		}
	},
	"Turbo": {
		"encoding": {
			"fecl1": {
				"avg": 0.1286245055,
				"intvl": 0.01359595464
			},
			"fecl4": {
				"avg": 0.04779249084,
				"intvl": 0.0005324175162
			},
			"cml": {
				"avg": 0.3155726064,
				"intvl": 0.001933420722
			},
			"matlab": {
				"avg": 0.4570116908,
				"intvl": 0.0003723568938
			}
		},
		"decoding": {
			"Exact": {
				"fecl1": {
					"avg": 27.68621096,
					"intvl": 0.1083822751,
					"ber": [0.1107612365,0.1007691937,0.09158998843,0.07944275656,0.06511983989,0.04966628086,0.03323784722,0.01592423804,0.005573881173,0.001183931327,0.0001878375772,2.580054012e-05,2.411265432e-06,4.822530864e-07,4.822530864e-07,0,0,0,0],
					"wer": [1,1,1,1,1,1,1,1,1,0.9765625,0.71875,0.2578125,0.03125,0.0078125,0.0078125,0,0,0,0],
					"snr": [-2.8,-2.7,-2.6,-2.5,-2.4,-2.3,-2.2,-2.1,-2,-1.9,-1.8,-1.7,-1.6,-1.5,-1.4,-1.3,-1.2,-1.1,-1]
				},
				"fecl4": {
					"avg": 7.389646231,
					"intvl": 0.03593404849,
					"ber": [0.1107612365,0.1007691937,0.09158998843,0.07944275656,0.06511983989,0.04966628086,0.03323784722,0.01592423804,0.005573881173,0.001183931327,0.0001878375772,2.580054012e-05,2.411265432e-06,4.822530864e-07,4.822530864e-07,0,0,0,0],
					"wer": [1,1,1,1,1,1,1,1,1,0.9765625,0.71875,0.2578125,0.03125,0.0078125,0.0078125,0,0,0,0],
					"snr": [-2.8,-2.7,-2.6,-2.5,-2.4,-2.3,-2.2,-2.1,-2,-1.9,-1.8,-1.7,-1.6,-1.5,-1.4,-1.3,-1.2,-1.1,-1]
				},
				"cml": {
					"avg": 68.68609305,
					"intvl": 3.465767282,
					"ber": [0.1107609954,0.1007691937,0.09158998843,0.07944275656,0.06511983989,0.04966628086,0.03323784722,0.01592423804,0.005573881173,0.001183931327,0.0001878375772,2.580054012e-05,2.411265432e-06,4.822530864e-07,4.822530864e-07,0,0,0,0],
					"wer": [1,1,1,1,1,1,1,1,1,0.9765625,0.71875,0.2578125,0.03125,0.0078125,0.0078125,0,0,0,0],
					"snr": [-2.8,-2.7,-2.6,-2.5,-2.4,-2.3,-2.2,-2.1,-2,-1.9,-1.8,-1.7,-1.6,-1.5,-1.4,-1.3,-1.2,-1.1,-1]
				},
				"matlab": {
					"avg": 31.44208887,
					"intvl": 0.05422961837,
					"ber": [0.1107612365,0.1007691937,0.09158998843,0.07944275656,0.06511983989,0.04966628086,0.03323784722,0.01592423804,0.005573881173,0.001183931327,0.0001878375772,2.580054012e-05,2.411265432e-06,4.822530864e-07,4.822530864e-07,0,0,0,0],
					"wer": [1,1,1,1,1,1,1,1,1,0.9765625,0.71875,0.2578125,0.03125,0.0078125,0.0078125,0,0,0,0],
					"snr": [-2.8,-2.7,-2.6,-2.5,-2.4,-2.3,-2.2,-2.1,-2,-1.9,-1.8,-1.7,-1.6,-1.5,-1.4,-1.3,-1.2,-1.1,-1]
				}
			},
			"Table": {
				"fecl1": {
					"avg": 13.05157248,
					"intvl": 0.5977904365,
					"ber": [0.1108285108,0.1008400849,0.09164375965,0.07949628665,0.06523630401,0.04978877315,0.03332320602,0.01593918789,0.005608603395,0.001189477238,0.0001902488426,2.580054012e-05,2.411265432e-06,4.822530864e-07,4.822530864e-07,0,0,0,0],
					"wer": [1,1,1,1,1,1,1,1,1,0.9765625,0.71875,0.25,0.03125,0.0078125,0.0078125,0,0,0,0],
					"snr": [-2.8,-2.7,-2.6,-2.5,-2.4,-2.3,-2.2,-2.1,-2,-1.9,-1.8,-1.7,-1.6,-1.5,-1.4,-1.3,-1.2,-1.1,-1]
				},
				"fecl4": {
					"avg": 3.488203315,
					"intvl": 0.152931898,
					"ber": [0.1108285108,0.1008400849,0.09164375965,0.07949628665,0.06523630401,0.04978877315,0.03332320602,0.01593918789,0.005608603395,0.001189477238,0.0001902488426,2.580054012e-05,2.411265432e-06,4.822530864e-07,4.822530864e-07,0,0,0,0],
					"wer": [1,1,1,1,1,1,1,1,1,0.9765625,0.71875,0.25,0.03125,0.0078125,0.0078125,0,0,0,0],
					"snr": [-2.8,-2.7,-2.6,-2.5,-2.4,-2.3,-2.2,-2.1,-2,-1.9,-1.8,-1.7,-1.6,-1.5,-1.4,-1.3,-1.2,-1.1,-1]
				},
				"cml": {
					"avg": 30.47683632,
					"intvl": 2.575582891,
					"ber": [0.110762201,0.100779321,0.09159915123,0.07945047261,0.06511308835,0.04966266397,0.03324098187,0.015918451,0.005575569059,0.001186101466,0.0001878375772,2.580054012e-05,2.893518519e-06,4.822530864e-07,4.822530864e-07,0,0,0,0],
					"wer": [1,1,1,1,1,1,1,1,1,0.9765625,0.71875,0.2578125,0.0390625,0.0078125,0.0078125,0,0,0,0],
					"snr": [-2.8,-2.7,-2.6,-2.5,-2.4,-2.3,-2.2,-2.1,-2,-1.9,-1.8,-1.7,-1.6,-1.5,-1.4,-1.3,-1.2,-1.1,-1]
				},
				"matlab": {
					"avg": 20.06543702,
					"intvl": 0.4143618644,
					"ber": [0.1117066937,0.1017705922,0.09257764275,0.08057388117,0.06620394483,0.0507730517,0.03421320409,0.01663315008,0.005894820602,0.001300636574,0.000201099537,2.821180556e-05,2.652391975e-06,4.822530864e-07,4.822530864e-07,0,0,0,0],
					"wer": [1,1,1,1,1,1,1,1,1,0.9921875,0.734375,0.2578125,0.0390625,0.0078125,0.0078125,0,0,0,0],
					"snr": [-2.8,-2.7,-2.6,-2.5,-2.4,-2.3,-2.2,-2.1,-2,-1.9,-1.8,-1.7,-1.6,-1.5,-1.4,-1.3,-1.2,-1.1,-1]
				}
			},
			"Approximate": {
				"fecl1": {
					"avg": 5.931025826,
					"intvl": 0.00764172306,
					"ber": [0.172616223,0.1649597319,0.1589923322,0.1502348573,0.1414402488,0.1309994695,0.1184524498,0.1000962095,0.07583357446,0.04882499035,0.01865354938,0.004318817515,0.0003867669753,3.761574074e-05,3.375771605e-06,7.233796296e-07,0,0,0],
					"wer": [1,1,1,1,1,1,1,1,1,1,1,0.984375,0.7890625,0.1875,0.046875,0.0078125,0,0,0],
					"snr": [-2.8,-2.7,-2.6,-2.5,-2.4,-2.3,-2.2,-2.1,-2,-1.9,-1.8,-1.7,-1.6,-1.5,-1.4,-1.3,-1.2,-1.1,-1]
				},
				"fecl4": {
					"avg": 2.018868406,
					"intvl": 0.005832951226,
					"ber": [0.172616223,0.1649597319,0.1589923322,0.1502348573,0.1414402488,0.1309994695,0.1184524498,0.1000962095,0.07583357446,0.04882499035,0.01865354938,0.004318817515,0.0003867669753,3.761574074e-05,3.375771605e-06,7.233796296e-07,0,0,0],
					"wer": [1,1,1,1,1,1,1,1,1,1,1,0.984375,0.7890625,0.1875,0.046875,0.0078125,0,0,0],
					"snr": [-2.8,-2.7,-2.6,-2.5,-2.4,-2.3,-2.2,-2.1,-2,-1.9,-1.8,-1.7,-1.6,-1.5,-1.4,-1.3,-1.2,-1.1,-1]
				},