{
	"msgSize": 32400,
	"blocks": 32,
	"experiments": 32,
	"Convolutional": {
		"encoding": {
			"fecl1": {
				"avg": 0.01236941753,
				"intvl": 0.000305297435
			},
			"fecl4": {
				"avg": 0.01014793947,
				"intvl": 0.0001447056594
			},
			"cml": {
				"avg": 0.03270460744,
				"intvl": 0.0002543594659
			},
			"matlab": {
				"avg": 0.006569561875,
				"intvl": 4.703928519e-05
			}
		},
		"decoding": {
			"fecl1": {
				"avg": 0.09177263331,
				"intvl": 0.001049567259,
				"per": [
					[217607],
					[217607],
					[217607],
					[217607],
					[217607],
					[217607],
					[217607],
					[217607],
					[217607],
					[217607],
					[217607],
					[217607],
					[217607],
					[217607],
					[217607],
					[217607],
					[217607],
					[217607],
					[217607],
					[217607],
					[217607],
					[217607],
					[217607],
					[217607],
					[217607],
					[217607],
					[217607],
					[217607],
					[217607],
					[217607],
					[217607],
					[217607]
				]
			},
			"fecl4": {
				"avg": 0.03726003612,
				"intvl": 0.002838938492,
				"per": [
					[217607],
					[217607],
					[217607],
					[217607],
					[217607],
					[217607],
					[217607],
					[217607],
					[217607],
					[217607],
					[217607],
					[217607],
					[217607],
					[217607],
					[217607],
					[217607],
					[217607],
					[217607],
					[217607],
					[217607],
					[217607],
					[217607],
					[217607],
					[217607],
					[217607],
					[217607],
					[217607],
					[217607],
					[217607],
					[217607],
					[217607],
					[217607]
				]
			},
			"cml": {
				"avg": 0.3658277198,
				"intvl": 0.001326345723
			},
			"matlab": {
				"avg": 0.114373468,
				"intvl": 0.000695741312,
				"per": [
					[751075],
					[751075],
					[751075],
					[751075],
					[751075],
					[751075],
					[751075],
					[751075],
					[751075],
					[751075],
					[751075],
					[751075],
					[751075],
					[751075],
					[751075],
					[751075],
					[751075],
					[751075],
					[751075],
					[751075],
					[751075],
					[751075],
					[751075],
					[751075],
					[751075],
					[751075],
					[751075],
					[751075],
					[751075],
					[751075],
					[751075],
					[751075]
				]
			}
		},
		"simul": {
			"snrdb": [-3,-2.9,-2.8,-2.7,-2.6,-2.5,-2.4,-2.3,-2.2,-2.1,-2,-1.9,-1.8,-1.7,-1.6,-1.5,-1.4,-1.3,-1.2,-1.1,-1],
			"ber": [0.09129460841,0.08547438633,0.079387629,0.07411865234,0.06878029152,0.06341766734,0.05857439959,0.05367072965,0.04920485508,0.04488618827,0.04069634332,0.03701376833,0.03346920814,0.02998526114,0.02688006366,0.02394784433,0.02144594546,0.01891155478,0.01664415148,0.01483705874,0.01301905503],
			"wer": [1,1,1,1,1,1,1,1,1,1,1,1,1,1,1,1,1,1,1,1,1]
		}
	},
	"Turbo": {
		"encoding": {
			"fecl1": {
				"avg": 0.02180344969,
				"intvl": 0.0004437509685
			},
			"fecl4": {
				"avg": 0.01507828328,
				"intvl": 0.0001584516014
			},
			"cml": {
				"avg": 0.07722618909,
				"intvl": 0.0005211373112
			},
			"matlab": {
				"avg": 0.08218973938,
				"intvl": 0.0001607199456
			}
		},
		"decoding": {
			"Exact": {
				"fecl1": {
					"avg": 7.023799931,
					"intvl": 0.009582634963,
					"per": [
						[125618],
						[125618],
						[125618],
						[125618],
						[125618],
						[125618],
						[125618],
						[125618],
						[125618],
						[125618],
						[125618],
						[125618],
						[125618],
						[125618],
						[125618],
						[125618],
						[125618],
						[125618],
						[125618],
						[125618],
						[125618],
						[125618],
						[125618],
						[125618],
						[125618],
						[125618],
						[125618],
						[125618],
						[125618],
						[125618],
						[125618],
						[125618]
					]
				},
				"fecl4": {
					"avg": 1.882693927,
					"intvl": 0.002237038324,
					"per": [
						[125618],
						[125618],
						[125618],
						[125618],
						[125618],
						[125618],
						[125618],
						[125618],
						[125618],
						[125618],
						[125618],
						[125618],
						[125618],
						[125618],
						[125618],
						[125618],
						[125618],
						[125618],
						[125618],
						[125618],
						[125618],
						[125618],
						[125618],
						[125618],
						[125618],
						[125618],
						[125618],
						[125618],
						[125618],
						[125618],
						[125618],
						[125618]
					]
				},
				"cml": {
					"avg": 27.87159781,
					"intvl": 0.0191729984
				},
				"matlab": {
					"avg": 11.76116995,
					"intvl": 0.00734120056,
					"per": [
						[122541],
						[122541],
						[122541],
						[122541],
						[122541],
						[122541],
						[122541],
						[122541],
						[122541],
						[122541],
						[122541],
						[122541],
						[122541],
						[122541],
						[122541],
						[122541],
						[122541],
						[122541],
						[122541],
						[122541],
						[122541],
						[122541],
						[122541],
						[122541],
						[122541],
						[122541],
						[122541],
						[122541],
						[122541],
						[122541],
						[122541],
						[122541]
					]
				}
			},
			"Table": {
				"fecl1": {
					"avg": 3.512838658,
					"intvl": 0.01610904872,
					"per": [
						[129436],
						[129436],
						[129436],
						[129436],
						[129436],
						[129436],
						[129436],
						[129436],
						[129436],
						[129436],
						[129436],
						[129436],
						[129436],
						[129436],
						[129436],
						[129436],
						[129436],
						[129436],
						[129436],
						[129436],
						[129436],
						[129436],
						[129436],
						[129436],
						[129436],
						[129436],
						[129436],
						[129436],
						[129436],
						[129436],
						[129436],
						[129436]
					]
				},
				"fecl4": {
					"avg": 0.9662268363,
					"intvl": 0.004676372024,
					"per": [
						[129436],
						[129436],
						[129436],
						[129436],
						[129436],
						[129436],
						[129436],
						[129436],
						[129436],
						[129436],
						[129436],
						[129436],
						[129436],
						[129436],
						[129436],
						[129436],
						[129436],
						[129436],
						[129436],
						[129436],
						[129436],
						[129436],
						[129436],
						[129436],
						[129436],
						[129436],
						[129436],
						[129436],
						[129436],
						[129436],
						[129436],
						[129436]
					]
				},
				"cml": {
					"avg": 13.91427146,
					"intvl": 0.007187780351
				},
				"matlab": {
					"avg": 8.117319707,
					"intvl": 0.006528848059,
					"per": [
						[124861],
						[124861],
						[124861],
						[124861],
						[124861],
						[124861],
						[124861],
						[124861],
						[124861],
						[124861],
						[124861],
						[124861],
						[124861],
						[124861],
						[124861],
						[124861],
						[124861],
						[124861],
						[124861],
						[124861],
						[124861],
						[124861],
						[124861],
						[124861],
						[124861],
						[124861],
						[124861],
						[124861],
						[124861],
						[124861],
						[124861],
						[124861]
					]
				}
			},
			"Approximate": {
				"fecl1": {
					"avg": 1.420530372,
					"intvl": 0.003381826922,
					"per": [
						[238278],
						[238278],
						[238278],
						[238278],
						[238278],
						[238278],
						[238278],
						[238278],
						[238278],
						[238278],
						[238278],
						[238278],
						[238278],
						[238278],
						[238278],
						[238278],
						[238278],
						[238278],
						[238278],
						[238278],
						[238278],
						[238278],
						[238278],
						[238278],
						[238278],
						[238278],
						[238278],
						[238278],
						[238278],
						[238278],
						[238278],
						[238278]
					]
				},
				"fecl4": {
					"avg": 0.5106445275,
					"intvl": 0.001308249888,